path,route_path,section,purpose,purpose_source,audience,audience_source,tier1_score,tier2_score,combined_score,quality_gate_status,quality_gate_errors,agent_score,band,flags
v2/about/core-concepts.mdx,/v2/about/core-concepts,about,concept,frontmatter,general,frontmatter,70,,70,pass,0,54,good,
v2/about/livepeer-network/actors.mdx,/v2/about/livepeer-network/actors,about,concept,frontmatter,general,frontmatter,80,,80,pass,0,67,good,
v2/about/livepeer-network/interfaces.mdx,/v2/about/livepeer-network/interfaces,about,,none,general,frontmatter,100,,100,pass,0,70,good,purpose_unresolved
v2/about/livepeer-network/job-lifecycle.mdx,/v2/about/livepeer-network/job-lifecycle,about,how_to,frontmatter,general,frontmatter,55,,55,pass,0,58,usable_needs_work,
v2/about/livepeer-network/marketplace.mdx,/v2/about/livepeer-network/marketplace,about,concept,frontmatter,general,frontmatter,85,,85,pass,0,67,good,
v2/about/livepeer-network/overview.mdx,/v2/about/livepeer-network/overview,about,overview,frontmatter,general,frontmatter,25,,25,pass,0,47,incomplete_risky,
v2/about/livepeer-network/technical-architecture.mdx,/v2/about/livepeer-network/technical-architecture,about,concept,frontmatter,general,frontmatter,85,,85,pass,0,57,good,
v2/about/livepeer-overview.mdx,/v2/about/livepeer-overview,about,overview,frontmatter,general,frontmatter,50,,50,warn,1,64,usable_needs_work,
v2/about/livepeer-protocol/core-mechanisms.mdx,/v2/about/livepeer-protocol/core-mechanisms,about,faq,frontmatter,general,frontmatter,50,,50,pass,0,52,usable_needs_work,
v2/about/livepeer-protocol/economics.mdx,/v2/about/livepeer-protocol/economics,about,concept,frontmatter,general,frontmatter,65,,65,fail,1,54,usable_needs_work,missing_description
v2/about/livepeer-protocol/governance-model.mdx,/v2/about/livepeer-protocol/governance-model,about,how_to,frontmatter,general,frontmatter,55,,55,pass,0,66,usable_needs_work,
v2/about/livepeer-protocol/livepeer-token.mdx,/v2/about/livepeer-protocol/livepeer-token,about,concept,frontmatter,general,frontmatter,70,,70,warn,1,59,placeholder_or_broken,todo_marker
v2/about/livepeer-protocol/overview.mdx,/v2/about/livepeer-protocol/overview,about,overview,frontmatter,everyone,frontmatter,50,,50,pass,0,67,usable_needs_work,
v2/about/livepeer-protocol/technical-architecture.mdx,/v2/about/livepeer-protocol/technical-architecture,about,how_to,frontmatter,general,frontmatter,45,,45,pass,0,69,incomplete_risky,thin_content
v2/about/livepeer-protocol/treasury.mdx,/v2/about/livepeer-protocol/treasury,about,concept,frontmatter,general,frontmatter,85,,85,pass,0,56,good,
v2/about/mental-model.mdx,/v2/about/mental-model,about,faq,frontmatter,general,frontmatter,50,,50,pass,0,59,usable_needs_work,
v2/about/portal.mdx,/v2/about/portal,about,landing,frontmatter,general,frontmatter,50,,50,pass,0,34,usable_needs_work,
v2/about/resources/blockchain-contracts.mdx,/v2/about/resources/blockchain-contracts,about,faq,frontmatter,general,frontmatter,50,,50,pass,0,64,usable_needs_work,
v2/about/resources/gateways-vs-orchestrators.mdx,/v2/about/resources/gateways-vs-orchestrators,about,,none,general,frontmatter,80,,80,pass,0,46,good,purpose_unresolved
v2/about/resources/livepeer-glossary.mdx,/v2/about/resources/livepeer-glossary,about,glossary,frontmatter,general,frontmatter,60,,60,pass,0,42,usable_needs_work,
v2/about/resources/livepeer-whitepaper.mdx,/v2/about/resources/livepeer-whitepaper,about,,none,general,frontmatter,60,,60,fail,1,44,usable_needs_work,missing_description|purpose_unresolved
v2/about/resources/technical-roadmap.mdx,/v2/about/resources/technical-roadmap,about,,none,general,frontmatter,0,,0,fail,2,32,empty,missing_title|missing_description|thin_content|purpose_unresolved
v2/community/community-portal.mdx,/v2/community/community-portal,community,landing,frontmatter,community,frontmatter,70,,70,pass,0,34,good,
v2/community/faq.mdx,/v2/community/faq,community,faq,frontmatter,everyone,frontmatter,45,,45,pass,0,63,incomplete_risky,
v2/community/livepeer-community/community-guidelines.mdx,/v2/community/livepeer-community/community-guidelines,community,concept,frontmatter,everyone,frontmatter,100,,100,pass,0,57,good,
v2/community/livepeer-community/governance-and-foundation.mdx,/v2/community/livepeer-community/governance-and-foundation,community,how_to,frontmatter,developer,frontmatter,65,,65,pass,0,61,usable_needs_work,
v2/community/livepeer-community/livepeer-latest-topics.mdx,/v2/community/livepeer-community/livepeer-latest-topics,community,,none,everyone,frontmatter,80,,80,pass,0,39,good,purpose_unresolved
v2/community/livepeer-community/roadmap.mdx,/v2/community/livepeer-community/roadmap,community,landing,frontmatter,community,frontmatter,50,,50,pass,0,37,usable_needs_work,thin_content
v2/community/livepeer-community/trending-topics.mdx,/v2/community/livepeer-community/trending-topics,community,,none,community,frontmatter,40,,40,pass,0,43,incomplete_risky,thin_content|purpose_unresolved
v2/community/livepeer-connect/events-and-community-streams.mdx,/v2/community/livepeer-connect/events-and-community-streams,community,,none,everyone,frontmatter,40,,40,pass,0,39,incomplete_risky,thin_content|purpose_unresolved
v2/community/livepeer-connect/forums-and-discussions.mdx,/v2/community/livepeer-connect/forums-and-discussions,community,concept,frontmatter,everyone,frontmatter,55,,55,pass,0,53,usable_needs_work,
v2/community/livepeer-connect/news-and-socials.mdx,/v2/community/livepeer-connect/news-and-socials,community,,none,community,frontmatter,20,,20,pass,0,23,placeholder_or_broken,thin_content|purpose_unresolved
v2/community/livepeer-contribute/build-livepeer.mdx,/v2/community/livepeer-contribute/build-livepeer,community,,none,developer,frontmatter,20,,20,pass,0,19,placeholder_or_broken,thin_content|purpose_unresolved
v2/community/livepeer-contribute/contribute.mdx,/v2/community/livepeer-contribute/contribute,community,,none,community,frontmatter,20,,20,pass,0,23,placeholder_or_broken,thin_content|purpose_unresolved
v2/community/livepeer-contribute/opportunities.mdx,/v2/community/livepeer-contribute/opportunities,community,,none,developer,frontmatter,20,,20,pass,0,29,placeholder_or_broken,thin_content|purpose_unresolved
v2/community/resources/awesome-livepeer.mdx,/v2/community/resources/awesome-livepeer,community,concept,frontmatter,everyone,frontmatter,70,,70,pass,0,55,good,
v2/community/resources/dashboards.mdx,/v2/community/resources/dashboards,community,landing,frontmatter,everyone,frontmatter,50,,50,pass,0,37,usable_needs_work,thin_content
v2/community/resources/guides.mdx,/v2/community/resources/guides,community,concept,frontmatter,everyone,frontmatter,50,,50,pass,0,60,usable_needs_work,
v2/developers/ai-pipelines/byoc.mdx,/v2/developers/ai-pipelines/byoc,developers,concept,frontmatter,developer,frontmatter,80,,80,pass,0,80,good,
v2/developers/ai-pipelines/comfystream.mdx,/v2/developers/ai-pipelines/comfystream,developers,,none,developer,frontmatter,100,,100,pass,0,80,good,purpose_unresolved
v2/developers/ai-pipelines/model-support.mdx,/v2/developers/ai-pipelines/model-support,developers,concept,frontmatter,developer,frontmatter,65,,65,pass,0,54,usable_needs_work,
v2/developers/ai-pipelines/overview.mdx,/v2/developers/ai-pipelines/overview,developers,overview,frontmatter,developer,frontmatter,75,,75,fail,1,65,good,broken_import
v2/developers/ai-pipelines/workload-fit.mdx,/v2/developers/ai-pipelines/workload-fit,developers,concept,frontmatter,developer,frontmatter,85,,85,pass,0,71,good,
v2/developers/builder-opportunities/bug-bounties.mdx,/v2/developers/builder-opportunities/bug-bounties,developers,how_to,frontmatter,developer,frontmatter,65,,65,pass,0,54,usable_needs_work,
v2/developers/builder-opportunities/grants-and-programmes.mdx,/v2/developers/builder-opportunities/grants-and-programmes,developers,how_to,frontmatter,developer,frontmatter,65,,65,pass,0,61,usable_needs_work,
v2/developers/builder-opportunities/oss-contributions.mdx,/v2/developers/builder-opportunities/oss-contributions,developers,how_to,frontmatter,developer,frontmatter,65,,65,pass,0,70,usable_needs_work,
v2/developers/builder-opportunities/overview.mdx,/v2/developers/builder-opportunities/overview,developers,overview,frontmatter,developer,frontmatter,75,,75,pass,0,56,good,
v2/developers/builder-opportunities/rfps-and-proposals.mdx,/v2/developers/builder-opportunities/rfps-and-proposals,developers,how_to,frontmatter,developer,frontmatter,40,,40,pass,0,52,incomplete_risky,
v2/developers/developer-path.mdx,/v2/developers/developer-path,developers,concept,frontmatter,developer,frontmatter,70,,70,pass,0,69,good,
v2/developers/developer-tools/dashboards.mdx,/v2/developers/developer-tools/dashboards,developers,,none,developer,frontmatter,80,,80,pass,0,50,good,purpose_unresolved
v2/developers/developer-tools/livepeer-cloud.mdx,/v2/developers/developer-tools/livepeer-cloud,developers,,none,developer,frontmatter,60,,60,pass,0,48,usable_needs_work,purpose_unresolved
v2/developers/developer-tools/livepeer-explorer.mdx,/v2/developers/developer-tools/livepeer-explorer,developers,,none,developer,frontmatter,60,,60,pass,0,48,usable_needs_work,purpose_unresolved
v2/developers/developer-tools/tooling-hub.mdx,/v2/developers/developer-tools/tooling-hub,developers,landing,frontmatter,developer,frontmatter,50,,50,pass,0,29,usable_needs_work,thin_content
v2/developers/guides-and-tools/contribution-guide.mdx,/v2/developers/guides-and-tools/contribution-guide,developers,how_to,frontmatter,developer,frontmatter,55,,55,pass,0,56,usable_needs_work,
v2/developers/guides-and-tools/developer-guides.mdx,/v2/developers/guides-and-tools/developer-guides,developers,concept,frontmatter,developer,frontmatter,50,,50,pass,0,52,usable_needs_work,
v2/developers/guides-and-tools/developer-help.mdx,/v2/developers/guides-and-tools/developer-help,developers,faq,frontmatter,developer,frontmatter,50,,50,pass,0,56,usable_needs_work,
v2/developers/guides-and-tools/resources.mdx,/v2/developers/guides-and-tools/resources,developers,concept,frontmatter,developer,frontmatter,50,,50,pass,0,52,usable_needs_work,
v2/developers/portal.mdx,/v2/developers/portal,developers,landing,frontmatter,developer,frontmatter,100,,100,pass,0,62,good,thin_content
v2/developers/quickstart/ai/ai-jobs.mdx,/v2/developers/quickstart/ai/ai-jobs,developers,concept,frontmatter,developer,frontmatter,50,,50,pass,0,68,usable_needs_work,
v2/developers/quickstart/ai/ai-pipelines.mdx,/v2/developers/quickstart/ai/ai-pipelines,developers,,none,developer,frontmatter,100,,100,pass,0,57,good,purpose_unresolved
v2/developers/quickstart/video/transcoding-jobs.mdx,/v2/developers/quickstart/video/transcoding-jobs,developers,concept,frontmatter,developer,frontmatter,65,,65,pass,0,79,usable_needs_work,
v2/developers/quickstart/video/video-streaming.mdx,/v2/developers/quickstart/video/video-streaming,developers,,none,developer,frontmatter,60,,60,pass,0,63,usable_needs_work,thin_content|purpose_unresolved
v2/developers/technical-references/apis.mdx,/v2/developers/technical-references/apis,developers,landing,frontmatter,developer,frontmatter,80,,80,pass,0,54,good,thin_content
v2/developers/technical-references/awesome-livepeer.mdx,/v2/developers/technical-references/awesome-livepeer,developers,landing,frontmatter,developer,frontmatter,50,,50,fail,1,43,usable_needs_work,missing_description|thin_content
v2/developers/technical-references/deepwiki.mdx,/v2/developers/technical-references/deepwiki,developers,landing,frontmatter,developer,frontmatter,50,,50,fail,1,28,usable_needs_work,missing_description|thin_content
v2/developers/technical-references/sdks.mdx,/v2/developers/technical-references/sdks,developers,landing,frontmatter,developer,frontmatter,80,,80,pass,0,51,good,thin_content
v2/developers/technical-references/wiki.mdx,/v2/developers/technical-references/wiki,developers,landing,frontmatter,developer,frontmatter,50,,50,fail,1,23,usable_needs_work,missing_description|thin_content
v2/gateways/about/architecture.mdx,/v2/gateways/about/architecture,gateways,landing,frontmatter,gateway-operator,frontmatter,30,,30,pass,0,72,incomplete_risky,thin_content
v2/gateways/about/economics.mdx,/v2/gateways/about/economics,gateways,concept,frontmatter,gateway-operator,frontmatter,65,,65,pass,0,66,usable_needs_work,
v2/gateways/about/explainer.mdx,/v2/gateways/about/explainer,gateways,faq,frontmatter,gateway-operator,frontmatter,75,,75,pass,0,66,good,
v2/gateways/about/functions.mdx,/v2/gateways/about/functions,gateways,,none,gateway-operator,frontmatter,80,,80,pass,0,43,good,purpose_unresolved
v2/gateways/gateway-tools/explorer.mdx,/v2/gateways/gateway-tools/explorer,gateways,landing,frontmatter,gateway-operator,frontmatter,70,,70,warn,1,47,placeholder_or_broken,coming_soon|thin_content
v2/gateways/gateway-tools/livepeer-tools.mdx,/v2/gateways/gateway-tools/livepeer-tools,gateways,landing,frontmatter,gateway-operator,frontmatter,70,,70,warn,1,52,placeholder_or_broken,todo_marker|thin_content
v2/gateways/gateways-portal.mdx,/v2/gateways/gateways-portal,gateways,landing,frontmatter,gateway-operator,frontmatter,90,,90,pass,0,65,good,
v2/gateways/payments/how-payments-work.mdx,/v2/gateways/payments/how-payments-work,gateways,concept,frontmatter,gateway-operator,frontmatter,85,,85,pass,0,58,good,
v2/gateways/payments/payment-clearinghouse.mdx,/v2/gateways/payments/payment-clearinghouse,gateways,concept,frontmatter,gateway-operator,frontmatter,100,,100,pass,0,68,good,
v2/gateways/quickstart/AI-prompt.mdx,/v2/gateways/quickstart/AI-prompt,gateways,,none,gateway-operator,frontmatter,40,,40,pass,0,43,incomplete_risky,thin_content|purpose_unresolved
v2/gateways/quickstart/gateway-setup.mdx,/v2/gateways/quickstart/gateway-setup,gateways,how_to,frontmatter,gateway-operator,frontmatter,65,,65,pass,0,69,usable_needs_work,
v2/gateways/references/api-reference/AI-API/ai.mdx,/v2/gateways/references/api-reference/AI-API/ai,gateways,reference,frontmatter,gateway-operator,frontmatter,65,,65,pass,0,52,usable_needs_work,
v2/gateways/references/api-reference/AI-API/audio-to-text.mdx,/v2/gateways/references/api-reference/AI-API/audio-to-text,gateways,reference,frontmatter,gateway-operator,frontmatter,40,,40,fail,1,23,incomplete_risky,missing_title
v2/gateways/references/api-reference/AI-API/hardware-info.mdx,/v2/gateways/references/api-reference/AI-API/hardware-info,gateways,reference,frontmatter,gateway-operator,frontmatter,40,,40,fail,1,23,incomplete_risky,missing_title
v2/gateways/references/api-reference/AI-API/hardware-stats.mdx,/v2/gateways/references/api-reference/AI-API/hardware-stats,gateways,reference,frontmatter,gateway-operator,frontmatter,40,,40,fail,1,23,incomplete_risky,missing_title
v2/gateways/references/api-reference/AI-API/health.mdx,/v2/gateways/references/api-reference/AI-API/health,gateways,reference,frontmatter,gateway-operator,frontmatter,40,,40,fail,1,23,incomplete_risky,missing_title
v2/gateways/references/api-reference/AI-API/image-to-image.mdx,/v2/gateways/references/api-reference/AI-API/image-to-image,gateways,reference,frontmatter,gateway-operator,frontmatter,40,,40,fail,1,23,incomplete_risky,missing_title
v2/gateways/references/api-reference/AI-API/image-to-text.mdx,/v2/gateways/references/api-reference/AI-API/image-to-text,gateways,reference,frontmatter,gateway-operator,frontmatter,40,,40,fail,1,23,incomplete_risky,missing_title
v2/gateways/references/api-reference/AI-API/image-to-video.mdx,/v2/gateways/references/api-reference/AI-API/image-to-video,gateways,reference,frontmatter,gateway-operator,frontmatter,40,,40,fail,2,19,incomplete_risky,missing_title|missing_description
v2/gateways/references/api-reference/AI-API/live-video-to-video.mdx,/v2/gateways/references/api-reference/AI-API/live-video-to-video,gateways,reference,frontmatter,gateway-operator,frontmatter,40,,40,fail,2,19,incomplete_risky,missing_title|missing_description
v2/gateways/references/api-reference/AI-API/llm.mdx,/v2/gateways/references/api-reference/AI-API/llm,gateways,reference,frontmatter,gateway-operator,frontmatter,40,,40,fail,2,19,incomplete_risky,missing_title|missing_description
v2/gateways/references/api-reference/AI-API/segment-anything-2.mdx,/v2/gateways/references/api-reference/AI-API/segment-anything-2,gateways,reference,frontmatter,gateway-operator,frontmatter,40,,40,fail,2,19,incomplete_risky,missing_title|missing_description
v2/gateways/references/api-reference/AI-API/text-to-image.mdx,/v2/gateways/references/api-reference/AI-API/text-to-image,gateways,reference,frontmatter,gateway-operator,frontmatter,40,,40,fail,2,19,incomplete_risky,missing_title|missing_description
v2/gateways/references/api-reference/AI-API/text-to-speech.mdx,/v2/gateways/references/api-reference/AI-API/text-to-speech,gateways,reference,frontmatter,gateway-operator,frontmatter,40,,40,fail,2,19,incomplete_risky,missing_title|missing_description
v2/gateways/references/api-reference/AI-API/upscale.mdx,/v2/gateways/references/api-reference/AI-API/upscale,gateways,reference,frontmatter,gateway-operator,frontmatter,40,,40,fail,2,19,incomplete_risky,missing_title|missing_description
v2/gateways/references/api-reference/CLI-HTTP/activateorchestrator.mdx,/v2/gateways/references/api-reference/CLI-HTTP/activateorchestrator,gateways,reference,frontmatter,gateway-operator,frontmatter,40,,40,fail,2,19,incomplete_risky,missing_title|missing_description
v2/gateways/references/api-reference/CLI-HTTP/cli-http-api.mdx,/v2/gateways/references/api-reference/CLI-HTTP/cli-http-api,gateways,reference,frontmatter,gateway-operator,frontmatter,40,,40,pass,0,62,incomplete_risky,
v2/gateways/references/api-reference/CLI-HTTP/rebond.mdx,/v2/gateways/references/api-reference/CLI-HTTP/rebond,gateways,reference,frontmatter,gateway-operator,frontmatter,40,,40,fail,2,19,incomplete_risky,missing_title|missing_description
v2/gateways/references/api-reference/CLI-HTTP/reward.mdx,/v2/gateways/references/api-reference/CLI-HTTP/reward,gateways,reference,frontmatter,gateway-operator,frontmatter,40,,40,fail,2,19,incomplete_risky,missing_title|missing_description
v2/gateways/references/api-reference/CLI-HTTP/setbroadcastconfig.mdx,/v2/gateways/references/api-reference/CLI-HTTP/setbroadcastconfig,gateways,reference,frontmatter,gateway-operator,frontmatter,40,,40,fail,2,19,incomplete_risky,missing_title|missing_description
v2/gateways/references/api-reference/CLI-HTTP/setmaxpriceforcapability.mdx,/v2/gateways/references/api-reference/CLI-HTTP/setmaxpriceforcapability,gateways,reference,frontmatter,gateway-operator,frontmatter,40,,40,fail,2,19,incomplete_risky,missing_title|missing_description
v2/gateways/references/api-reference/CLI-HTTP/signmessage.mdx,/v2/gateways/references/api-reference/CLI-HTTP/signmessage,gateways,reference,frontmatter,gateway-operator,frontmatter,40,,40,fail,2,19,incomplete_risky,missing_title|missing_description
v2/gateways/references/api-reference/CLI-HTTP/transfertokens.mdx,/v2/gateways/references/api-reference/CLI-HTTP/transfertokens,gateways,reference,frontmatter,gateway-operator,frontmatter,40,,40,fail,2,19,incomplete_risky,missing_title|missing_description
v2/gateways/references/api-reference/CLI-HTTP/unbond.mdx,/v2/gateways/references/api-reference/CLI-HTTP/unbond,gateways,reference,frontmatter,gateway-operator,frontmatter,40,,40,fail,2,19,incomplete_risky,missing_title|missing_description
v2/gateways/references/arbitrum-exchanges.mdx,/v2/gateways/references/arbitrum-exchanges,gateways,reference,frontmatter,gateway-operator,frontmatter,15,,15,pass,0,47,placeholder_or_broken,thin_content
v2/gateways/references/arbitrum-rpc.mdx,/v2/gateways/references/arbitrum-rpc,gateways,reference,frontmatter,gateway-operator,frontmatter,15,,15,pass,0,27,placeholder_or_broken,thin_content
v2/gateways/references/cli-commands.mdx,/v2/gateways/references/cli-commands,gateways,reference,frontmatter,gateway-operator,frontmatter,55,,55,pass,0,53,usable_needs_work,
v2/gateways/references/configuration-flags.mdx,/v2/gateways/references/configuration-flags,gateways,reference,frontmatter,gateway-operator,frontmatter,15,,15,pass,0,47,placeholder_or_broken,
v2/gateways/references/livepeer-exchanges.mdx,/v2/gateways/references/livepeer-exchanges,gateways,reference,frontmatter,gateway-operator,frontmatter,15,,15,pass,0,47,placeholder_or_broken,thin_content
v2/gateways/references/technical-architecture.mdx,/v2/gateways/references/technical-architecture,gateways,reference,frontmatter,gateway-operator,frontmatter,15,,15,pass,0,47,placeholder_or_broken,
v2/gateways/run-a-gateway/configure/ai-configuration.mdx,/v2/gateways/run-a-gateway/configure/ai-configuration,gateways,concept,frontmatter,gateway-operator,frontmatter,50,,50,pass,0,64,usable_needs_work,
v2/gateways/run-a-gateway/configure/configuration-overview.mdx,/v2/gateways/run-a-gateway/configure/configuration-overview,gateways,overview,frontmatter,gateway-operator,frontmatter,50,,50,pass,0,58,usable_needs_work,
v2/gateways/run-a-gateway/configure/dual-configuration.mdx,/v2/gateways/run-a-gateway/configure/dual-configuration,gateways,concept,frontmatter,gateway-operator,frontmatter,55,,55,warn,1,51,placeholder_or_broken,todo_marker
v2/gateways/run-a-gateway/configure/pricing-configuration.mdx,/v2/gateways/run-a-gateway/configure/pricing-configuration,gateways,concept,frontmatter,gateway-operator,frontmatter,65,,65,pass,0,59,usable_needs_work,
v2/gateways/run-a-gateway/configure/video-configuration.mdx,/v2/gateways/run-a-gateway/configure/video-configuration,gateways,concept,frontmatter,gateway-operator,frontmatter,85,,85,pass,0,75,good,
v2/gateways/run-a-gateway/connect/connect-with-offerings.mdx,/v2/gateways/run-a-gateway/connect/connect-with-offerings,gateways,,none,gateway-operator,frontmatter,80,,80,pass,0,54,good,purpose_unresolved
v2/gateways/run-a-gateway/connect/discover-offerings.mdx,/v2/gateways/run-a-gateway/connect/discover-offerings,gateways,,none,gateway-operator,frontmatter,80,,80,pass,0,52,good,purpose_unresolved
v2/gateways/run-a-gateway/connect/lp-marketplace.mdx,/v2/gateways/run-a-gateway/connect/lp-marketplace,gateways,,none,gateway-operator,frontmatter,40,,40,pass,0,73,incomplete_risky,thin_content|purpose_unresolved
v2/gateways/run-a-gateway/gateway-operator-opportunities.mdx,/v2/gateways/run-a-gateway/gateway-operator-opportunities,gateways,faq,frontmatter,gateway-operator,frontmatter,60,,60,pass,0,62,usable_needs_work,
v2/gateways/run-a-gateway/install/community-projects.mdx,/v2/gateways/run-a-gateway/install/community-projects,gateways,,none,gateway-operator,frontmatter,100,,100,warn,2,55,placeholder_or_broken,todo_marker|coming_soon|purpose_unresolved
v2/gateways/run-a-gateway/install/docker-install.mdx,/v2/gateways/run-a-gateway/install/docker-install,gateways,concept,frontmatter,gateway-operator,frontmatter,65,,65,pass,0,74,usable_needs_work,
v2/gateways/run-a-gateway/install/install-overview.mdx,/v2/gateways/run-a-gateway/install/install-overview,gateways,overview,frontmatter,gateway-operator,frontmatter,75,,75,pass,0,65,good,
v2/gateways/run-a-gateway/install/linux-install.mdx,/v2/gateways/run-a-gateway/install/linux-install,gateways,,none,gateway-operator,frontmatter,100,,100,pass,0,70,good,purpose_unresolved
v2/gateways/run-a-gateway/install/windows-install.mdx,/v2/gateways/run-a-gateway/install/windows-install,gateways,,none,gateway-operator,frontmatter,80,,80,warn,1,71,placeholder_or_broken,todo_marker|purpose_unresolved
v2/gateways/run-a-gateway/monitor/monitor-and-optimise.mdx,/v2/gateways/run-a-gateway/monitor/monitor-and-optimise,gateways,concept,frontmatter,gateway-operator,frontmatter,55,,55,pass,0,44,usable_needs_work,
v2/gateways/run-a-gateway/requirements/on-chain setup/fund-gateway.mdx,/v2/gateways/run-a-gateway/requirements/on-chain setup/fund-gateway,gateways,,none,gateway-operator,frontmatter,80,,80,pass,0,57,good,purpose_unresolved
v2/gateways/run-a-gateway/requirements/on-chain setup/on-chain.mdx,/v2/gateways/run-a-gateway/requirements/on-chain setup/on-chain,gateways,how_to,frontmatter,gateway-operator,frontmatter,65,,65,pass,0,85,usable_needs_work,
v2/gateways/run-a-gateway/requirements/setup.mdx,/v2/gateways/run-a-gateway/requirements/setup,gateways,concept,frontmatter,gateway-operator,frontmatter,50,,50,warn,1,54,placeholder_or_broken,coming_soon
v2/gateways/run-a-gateway/run-a-gateway.mdx,/v2/gateways/run-a-gateway/run-a-gateway,gateways,,none,gateway-operator,frontmatter,100,,100,pass,0,56,good,purpose_unresolved
v2/gateways/run-a-gateway/transcoding.mdx,/v2/gateways/run-a-gateway/transcoding,gateways,how_to,frontmatter,gateway-operator,frontmatter,30,,30,pass,0,49,incomplete_risky,thin_content
v2/gateways/run-a-gateway/why-run-a-gateway.mdx,/v2/gateways/run-a-gateway/why-run-a-gateway,gateways,faq,frontmatter,gateway-operator,frontmatter,50,,50,pass,0,54,usable_needs_work,
v2/gateways/using-gateways/choosing-a-gateway.mdx,/v2/gateways/using-gateways/choosing-a-gateway,gateways,concept,frontmatter,gateway-operator,frontmatter,50,,50,pass,0,62,usable_needs_work,
v2/gateways/using-gateways/gateway-providers/cloud-spe-gateway.mdx,/v2/gateways/using-gateways/gateway-providers/cloud-spe-gateway,gateways,concept,frontmatter,developer,frontmatter,80,,80,pass,0,67,good,
v2/gateways/using-gateways/gateway-providers/daydream-gateway.mdx,/v2/gateways/using-gateways/gateway-providers/daydream-gateway,gateways,concept,frontmatter,developer,frontmatter,100,,100,pass,0,68,good,
v2/gateways/using-gateways/gateway-providers/livepeer-studio-gateway.mdx,/v2/gateways/using-gateways/gateway-providers/livepeer-studio-gateway,gateways,concept,frontmatter,developer,frontmatter,65,,65,fail,1,77,usable_needs_work,broken_import
v2/home/about-livepeer/benefits.mdx,/v2/home/about-livepeer/benefits,home,concept,frontmatter,everyone,frontmatter,70,,70,pass,0,54,good,
v2/home/about-livepeer/ecosystem.mdx,/v2/home/about-livepeer/ecosystem,home,concept,frontmatter,everyone,frontmatter,85,,85,pass,0,66,good,
v2/home/about-livepeer/evolution.mdx,/v2/home/about-livepeer/evolution,home,,none,everyone,frontmatter,100,,100,pass,0,45,good,purpose_unresolved
v2/home/about-livepeer/roadmap.mdx,/v2/home/about-livepeer/roadmap,home,,none,everyone,frontmatter,20,,20,pass,0,33,placeholder_or_broken,thin_content|purpose_unresolved
v2/home/about-livepeer/vision.mdx,/v2/home/about-livepeer/vision,home,,none,everyone,frontmatter,100,,100,pass,0,50,good,purpose_unresolved
v2/home/get-started.mdx,/v2/home/get-started,home,tutorial,frontmatter,everyone,frontmatter,25,,25,pass,0,72,incomplete_risky,thin_content
v2/home/mission-control.mdx,/v2/home/mission-control,home,landing,frontmatter,everyone,frontmatter,80,,80,pass,0,42,good,thin_content
v2/home/primer.mdx,/v2/home/primer,home,tutorial,frontmatter,everyone,frontmatter,20,,20,pass,0,62,placeholder_or_broken,
v2/home/solutions/applications.mdx,/v2/home/solutions/applications,home,landing,frontmatter,everyone,frontmatter,60,,60,pass,0,47,usable_needs_work,
v2/home/solutions/showcase.mdx,/v2/home/solutions/showcase,home,,none,everyone,frontmatter,40,,40,pass,0,33,incomplete_risky,thin_content|purpose_unresolved
v2/home/solutions/verticals.mdx,/v2/home/solutions/verticals,home,,none,everyone,frontmatter,60,,60,fail,1,24,usable_needs_work,missing_description|purpose_unresolved
v2/internal/overview/about.mdx,/v2/internal/overview/about,internal,landing,frontmatter,internal,frontmatter,80,,80,pass,0,62,good,
v2/internal/overview/docs-philosophy.mdx,/v2/internal/overview/docs-philosophy,internal,,none,internal,frontmatter,80,,80,pass,0,50,good,purpose_unresolved
v2/internal/overview/governance.mdx,/v2/internal/overview/governance,internal,how_to,frontmatter,internal,frontmatter,55,,55,warn,1,59,placeholder_or_broken,todo_marker
v2/internal/overview/personas.mdx,/v2/internal/overview/personas,internal,,none,internal,frontmatter,80,,80,pass,0,69,good,purpose_unresolved
v2/internal/overview/strategic-alignment.mdx,/v2/internal/overview/strategic-alignment,internal,,none,internal,frontmatter,80,,80,pass,0,43,good,purpose_unresolved
v2/internal/reports/navigation-links/docs-navigation.md,/v2/internal/reports/navigation-links/docs-navigation,internal,,none,internal,inferred,40,,40,pass,0,39,incomplete_risky,thin_content|purpose_unresolved
v2/internal/reports/navigation-links/v2-link-audit.md,/v2/internal/reports/navigation-links/v2-link-audit,internal,concept,inferred,internal,inferred,55,,55,pass,0,49,usable_needs_work,
v2/internal/reports/page-audits/audit-all-pages.md,/v2/internal/reports/page-audits/audit-all-pages,internal,concept,inferred,internal,inferred,50,,50,pass,0,39,usable_needs_work,
v2/internal/reports/page-audits/audit-all-pages-simple.md,/v2/internal/reports/page-audits/audit-all-pages-simple,internal,concept,inferred,internal,inferred,50,,50,pass,0,39,usable_needs_work,
v2/internal/reports/page-audits/audit-python.md,/v2/internal/reports/page-audits/audit-python,internal,concept,inferred,internal,inferred,50,,50,warn,1,29,usable_needs_work,legacy_v2_pages_link
v2/internal/reports/page-audits/domain-pages-audit.md,/v2/internal/reports/page-audits/domain-pages-audit,internal,,none,internal,inferred,40,,40,pass,0,39,incomplete_risky,thin_content|purpose_unresolved
v2/internal/reports/page-audits/test-all-pages-comprehensive.md,/v2/internal/reports/page-audits/test-all-pages-comprehensive,internal,,none,internal,inferred,40,,40,pass,0,29,incomplete_risky,thin_content|purpose_unresolved
v2/internal/reports/repo-ops/audit-scripts.md,/v2/internal/reports/repo-ops/audit-scripts,internal,concept,inferred,internal,inferred,55,,55,warn,2,42,placeholder_or_broken,todo_marker|coming_soon
v2/internal/reports/repo-ops/errors-audit.md,/v2/internal/reports/repo-ops/errors-audit,internal,,none,internal,inferred,80,,80,pass,0,49,good,purpose_unresolved
v2/internal/reports/repo-ops/reports-navigation-links-audit.md,/v2/internal/reports/repo-ops/reports-navigation-links-audit,internal,,none,internal,inferred,80,,80,pass,0,49,good,purpose_unresolved
v2/internal/reports/repo-ops/reports-page-audits-audit.md,/v2/internal/reports/repo-ops/reports-page-audits-audit,internal,concept,inferred,internal,inferred,55,,55,pass,0,49,usable_needs_work,
v2/internal/reports/repo-ops/reports-quality-accessibility-audit.md,/v2/internal/reports/repo-ops/reports-quality-accessibility-audit,internal,concept,inferred,internal,inferred,55,,55,pass,0,49,usable_needs_work,
v2/internal/reports/repo-ops/reports-quality-accessibility-docs-usefulness-audit.md,/v2/internal/reports/repo-ops/reports-quality-accessibility-docs-usefulness-audit,internal,concept,inferred,internal,inferred,55,,55,pass,0,49,usable_needs_work,
v2/internal/reports/repo-ops/scripts-audit.md,/v2/internal/reports/repo-ops/scripts-audit,internal,,none,internal,inferred,80,,80,pass,0,45,good,purpose_unresolved
v2/internal/rfp/aims.mdx,/v2/internal/rfp/aims,internal,,none,internal,frontmatter,60,,60,warn,1,28,placeholder_or_broken,todo_marker|purpose_unresolved
v2/internal/rfp/deliverables.mdx,/v2/internal/rfp/deliverables,internal,,none,internal,frontmatter,20,,20,pass,0,23,placeholder_or_broken,purpose_unresolved
v2/internal/rfp/outcomes.mdx,/v2/internal/rfp/outcomes,internal,,none,internal,frontmatter,20,,20,pass,0,23,placeholder_or_broken,purpose_unresolved
v2/internal/rfp/problem-statements.mdx,/v2/internal/rfp/problem-statements,internal,faq,frontmatter,internal,frontmatter,50,,50,warn,1,52,placeholder_or_broken,todo_marker
v2/internal/rfp/report.mdx,/v2/internal/rfp/report,internal,concept,frontmatter,internal,frontmatter,35,,35,pass,0,47,incomplete_risky,
v2/lpt/about/mechanics.mdx,/v2/lpt/about/mechanics,lpt,concept,frontmatter,delegator,frontmatter,55,,55,pass,0,53,usable_needs_work,
v2/lpt/about/overview.mdx,/v2/lpt/about/overview,lpt,overview,frontmatter,delegator,frontmatter,50,,50,pass,0,63,usable_needs_work,
v2/lpt/about/purpose.mdx,/v2/lpt/about/purpose,lpt,concept,frontmatter,delegator,frontmatter,50,,50,pass,0,47,usable_needs_work,
v2/lpt/about/tokenomics.mdx,/v2/lpt/about/tokenomics,lpt,concept,frontmatter,delegator,frontmatter,55,,55,pass,0,56,usable_needs_work,
v2/lpt/delegation/about-delegators.mdx,/v2/lpt/delegation/about-delegators,lpt,concept,frontmatter,delegator,frontmatter,70,,70,pass,0,54,good,
v2/lpt/delegation/delegation-economics.mdx,/v2/lpt/delegation/delegation-economics,lpt,,none,delegator,frontmatter,40,,40,pass,0,28,incomplete_risky,thin_content|purpose_unresolved
v2/lpt/delegation/delegation-guide.mdx,/v2/lpt/delegation/delegation-guide,lpt,concept,frontmatter,delegator,frontmatter,70,,70,pass,0,59,good,
v2/lpt/delegation/getting-started.mdx,/v2/lpt/delegation/getting-started,lpt,concept,frontmatter,delegator,frontmatter,80,,80,pass,0,67,good,
v2/lpt/delegation/overview.mdx,/v2/lpt/delegation/overview,lpt,overview,frontmatter,delegator,frontmatter,25,,25,pass,0,59,incomplete_risky,
v2/lpt/governance/model.mdx,/v2/lpt/governance/model,lpt,concept,frontmatter,delegator,frontmatter,70,,70,pass,0,62,good,
v2/lpt/governance/overview.mdx,/v2/lpt/governance/overview,lpt,overview,frontmatter,delegator,frontmatter,50,,50,pass,0,60,usable_needs_work,
v2/lpt/governance/processes.mdx,/v2/lpt/governance/processes,lpt,how_to,frontmatter,delegator,frontmatter,70,,70,pass,0,56,good,
v2/lpt/resources/delegator-videos-and-blogs.mdx,/v2/lpt/resources/delegator-videos-and-blogs,lpt,,none,delegator,frontmatter,80,,80,pass,0,52,good,purpose_unresolved
v2/lpt/resources/exchanges.mdx,/v2/lpt/resources/exchanges,lpt,concept,frontmatter,delegator,frontmatter,35,,35,pass,0,49,incomplete_risky,
v2/lpt/resources/lpt-eth-usage.mdx,/v2/lpt/resources/lpt-eth-usage,lpt,,none,delegator,frontmatter,80,,80,pass,0,62,good,purpose_unresolved
v2/lpt/token-portal.mdx,/v2/lpt/token-portal,lpt,landing,frontmatter,delegator,frontmatter,100,,100,pass,0,36,good,
v2/lpt/treasury/allocations.mdx,/v2/lpt/treasury/allocations,lpt,concept,frontmatter,delegator,frontmatter,70,,70,pass,0,58,good,
v2/lpt/treasury/overview.mdx,/v2/lpt/treasury/overview,lpt,overview,frontmatter,delegator,frontmatter,50,,50,pass,0,58,usable_needs_work,
v2/lpt/treasury/proposals.mdx,/v2/lpt/treasury/proposals,lpt,how_to,frontmatter,delegator,frontmatter,70,,70,pass,0,59,good,
v2/orchestrators/about-orchestrators/architecture.mdx,/v2/orchestrators/about-orchestrators/architecture,orchestrators,,none,orchestrator,frontmatter,20,,20,fail,1,29,placeholder_or_broken,missing_description|thin_content|purpose_unresolved
v2/orchestrators/about-orchestrators/economics.mdx,/v2/orchestrators/about-orchestrators/economics,orchestrators,,none,orchestrator,frontmatter,80,,80,fail,1,29,good,missing_description|purpose_unresolved
v2/orchestrators/about-orchestrators/job-types.mdx,/v2/orchestrators/about-orchestrators/job-types,orchestrators,landing,frontmatter,orchestrator,frontmatter,80,,80,warn,1,44,placeholder_or_broken,coming_soon
v2/orchestrators/about-orchestrators/orchestrator-functions.mdx,/v2/orchestrators/about-orchestrators/orchestrator-functions,orchestrators,concept,frontmatter,orchestrator,frontmatter,50,,50,fail,1,48,usable_needs_work,missing_description
v2/orchestrators/about-orchestrators/overview.mdx,/v2/orchestrators/about-orchestrators/overview,orchestrators,overview,frontmatter,orchestrator,frontmatter,50,,50,fail,1,55,usable_needs_work,missing_description
v2/orchestrators/advanced-setup/ai-pipelines.mdx,/v2/orchestrators/advanced-setup/ai-pipelines,orchestrators,landing,frontmatter,orchestrator,frontmatter,100,,100,pass,0,54,good,
v2/orchestrators/advanced-setup/delegation.mdx,/v2/orchestrators/advanced-setup/delegation,orchestrators,landing,frontmatter,orchestrator,frontmatter,80,,80,pass,0,51,good,
v2/orchestrators/advanced-setup/hosting-models.mdx,/v2/orchestrators/advanced-setup/hosting-models,orchestrators,concept,frontmatter,orchestrator,frontmatter,80,,80,pass,0,76,good,
v2/orchestrators/advanced-setup/rewards-and-fees.mdx,/v2/orchestrators/advanced-setup/rewards-and-fees,orchestrators,,none,orchestrator,frontmatter,100,,100,pass,0,52,good,purpose_unresolved
v2/orchestrators/advanced-setup/run-a-pool.mdx,/v2/orchestrators/advanced-setup/run-a-pool,orchestrators,,none,orchestrator,frontmatter,100,,100,pass,0,57,good,purpose_unresolved
v2/orchestrators/advanced-setup/staking-LPT.mdx,/v2/orchestrators/advanced-setup/staking-LPT,orchestrators,,none,orchestrator,frontmatter,100,,100,pass,0,55,good,purpose_unresolved
v2/orchestrators/earnings.mdx,/v2/orchestrators/earnings,orchestrators,concept,frontmatter,orchestrator,frontmatter,100,,100,pass,0,68,good,
v2/orchestrators/orchestrator-journey.mdx,/v2/orchestrators/orchestrator-journey,orchestrators,how_to,frontmatter,orchestrator,frontmatter,55,,55,pass,0,62,usable_needs_work,
v2/orchestrators/orchestrator-tools-and-resources/community-pools.mdx,/v2/orchestrators/orchestrator-tools-and-resources/community-pools,orchestrators,landing,frontmatter,orchestrator,frontmatter,100,,100,fail,1,33,good,missing_description|thin_content
v2/orchestrators/orchestrator-tools-and-resources/orchestrator-community-and-help.mdx,/v2/orchestrators/orchestrator-tools-and-resources/orchestrator-community-and-help,orchestrators,,none,orchestrator,frontmatter,0,,0,fail,2,32,empty,missing_title|missing_description|thin_content|purpose_unresolved
v2/orchestrators/orchestrator-tools-and-resources/orchestrator-guides.mdx,/v2/orchestrators/orchestrator-tools-and-resources/orchestrator-guides,orchestrators,,none,orchestrator,frontmatter,0,,0,fail,2,12,empty,missing_title|missing_description|purpose_unresolved
v2/orchestrators/orchestrator-tools-and-resources/orchestrator-resources.mdx,/v2/orchestrators/orchestrator-tools-and-resources/orchestrator-resources,orchestrators,,none,orchestrator,frontmatter,0,,0,fail,2,32,empty,missing_title|missing_description|thin_content|purpose_unresolved
v2/orchestrators/orchestrator-tools-and-resources/orchestrator-tools.mdx,/v2/orchestrators/orchestrator-tools-and-resources/orchestrator-tools,orchestrators,,none,orchestrator,frontmatter,40,,40,fail,1,39,incomplete_risky,missing_description|thin_content|purpose_unresolved
v2/orchestrators/orchestrators-portal.mdx,/v2/orchestrators/orchestrators-portal,orchestrators,landing,frontmatter,orchestrator,frontmatter,100,,100,pass,0,62,good,
v2/orchestrators/payments/index.mdx,/v2/orchestrators/payments,orchestrators,landing,frontmatter,orchestrator,frontmatter,80,,80,pass,0,31,good,thin_content
v2/orchestrators/quickstart/batch-ai-quickstart.mdx,/v2/orchestrators/quickstart/batch-ai-quickstart,orchestrators,tutorial,frontmatter,orchestrator,frontmatter,0,,0,warn,1,29,empty,coming_soon|thin_content
v2/orchestrators/quickstart/join-a-pool.mdx,/v2/orchestrators/quickstart/join-a-pool,orchestrators,faq,frontmatter,orchestrator,frontmatter,50,,50,pass,0,52,usable_needs_work,
v2/orchestrators/quickstart/orchestrator-setup.mdx,/v2/orchestrators/quickstart/orchestrator-setup,orchestrators,,none,orchestrator,frontmatter,100,,100,pass,0,62,good,purpose_unresolved
v2/orchestrators/quickstart/overview.mdx,/v2/orchestrators/quickstart/overview,orchestrators,overview,frontmatter,orchestrator,frontmatter,30,,30,fail,1,52,incomplete_risky,missing_description|thin_content
v2/orchestrators/quickstart/realtime-ai-quickstart.mdx,/v2/orchestrators/quickstart/realtime-ai-quickstart,orchestrators,tutorial,frontmatter,orchestrator,frontmatter,0,,0,warn,1,29,empty,coming_soon|thin_content
v2/orchestrators/references/cli-flags.mdx,/v2/orchestrators/references/cli-flags,orchestrators,reference,frontmatter,orchestrator,frontmatter,90,,90,pass,0,71,good,
v2/orchestrators/references/faq.mdx,/v2/orchestrators/references/faq,orchestrators,faq,frontmatter,orchestrator,frontmatter,70,,70,pass,0,67,good,
v2/orchestrators/setting-up-an-orchestrator/data-centres-and-large-scale-hardware-providers.mdx,/v2/orchestrators/setting-up-an-orchestrator/data-centres-and-large-scale-hardware-providers,orchestrators,,none,orchestrator,frontmatter,0,,0,fail,2,32,empty,missing_title|missing_description|thin_content|purpose_unresolved
v2/orchestrators/setting-up-an-orchestrator/hardware-requirements.mdx,/v2/orchestrators/setting-up-an-orchestrator/hardware-requirements,orchestrators,,none,orchestrator,frontmatter,100,,100,pass,0,50,good,purpose_unresolved
v2/orchestrators/setting-up-an-orchestrator/orchestrator-stats.mdx,/v2/orchestrators/setting-up-an-orchestrator/orchestrator-stats,orchestrators,,none,orchestrator,frontmatter,100,,100,pass,0,60,good,purpose_unresolved
v2/orchestrators/setting-up-an-orchestrator/overview.mdx,/v2/orchestrators/setting-up-an-orchestrator/overview,orchestrators,overview,frontmatter,orchestrator,frontmatter,55,,55,pass,0,67,usable_needs_work,thin_content
v2/orchestrators/setting-up-an-orchestrator/setting-up-an-orchestrator/quickstart-add-your-gpu-to-livepeer.mdx,/v2/orchestrators/setting-up-an-orchestrator/setting-up-an-orchestrator/quickstart-add-your-gpu-to-livepeer,orchestrators,tutorial,frontmatter,orchestrator,frontmatter,10,,10,pass,0,60,placeholder_or_broken,
v2/resources/changelog/changelog.mdx,/v2/resources/changelog/changelog,resources,changelog,frontmatter,everyone,frontmatter,75,,75,fail,2,44,good,missing_title|missing_description
v2/resources/changelog/migration-guide.mdx,/v2/resources/changelog/migration-guide,resources,,none,everyone,frontmatter,0,,0,fail,2,16,empty,missing_title|missing_description|purpose_unresolved
v2/resources/documentation-guide/automations-workflows.mdx,/v2/resources/documentation-guide/automations-workflows,resources,concept,frontmatter,everyone,frontmatter,80,,80,pass,0,67,good,
v2/resources/documentation-guide/component-library/component-library.mdx,/v2/resources/documentation-guide/component-library/component-library,resources,how_to,frontmatter,everyone,frontmatter,70,,70,pass,0,91,good,
v2/resources/documentation-guide/component-library/content.mdx,/v2/resources/documentation-guide/component-library/content,resources,concept,frontmatter,everyone,frontmatter,85,,85,fail,1,71,good,broken_import
v2/resources/documentation-guide/component-library/display.mdx,/v2/resources/documentation-guide/component-library/display,resources,concept,frontmatter,everyone,frontmatter,70,,70,pass,0,71,good,
v2/resources/documentation-guide/component-library/domain.mdx,/v2/resources/documentation-guide/component-library/domain,resources,landing,frontmatter,everyone,frontmatter,30,,30,warn,1,49,placeholder_or_broken,coming_soon|thin_content
v2/resources/documentation-guide/component-library/integrations.mdx,/v2/resources/documentation-guide/component-library/integrations,resources,landing,frontmatter,everyone,frontmatter,30,,30,pass,0,64,incomplete_risky,
v2/resources/documentation-guide/component-library/layout.mdx,/v2/resources/documentation-guide/component-library/layout,resources,how_to,frontmatter,everyone,frontmatter,55,,55,pass,0,66,usable_needs_work,
v2/resources/documentation-guide/component-library/overview.mdx,/v2/resources/documentation-guide/component-library/overview,resources,overview,frontmatter,everyone,frontmatter,75,,75,pass,0,64,good,
v2/resources/documentation-guide/component-library/primitives.mdx,/v2/resources/documentation-guide/component-library/primitives,resources,concept,frontmatter,everyone,frontmatter,85,,85,pass,0,74,good,
v2/resources/documentation-guide/contribute-to-the-docs.mdx,/v2/resources/documentation-guide/contribute-to-the-docs,resources,concept,frontmatter,everyone,frontmatter,100,,100,pass,0,67,good,
v2/resources/documentation-guide/docs-features-and-ai-integrations.mdx,/v2/resources/documentation-guide/docs-features-and-ai-integrations,resources,concept,frontmatter,everyone,frontmatter,65,,65,pass,0,61,usable_needs_work,
v2/resources/documentation-guide/documentation-guide.mdx,/v2/resources/documentation-guide/documentation-guide,resources,concept,frontmatter,everyone,frontmatter,50,,50,pass,0,62,usable_needs_work,
v2/resources/documentation-guide/documentation-overview.mdx,/v2/resources/documentation-guide/documentation-overview,resources,overview,frontmatter,everyone,frontmatter,75,,75,pass,0,62,good,
v2/resources/documentation-guide/snippets-inventory.mdx,/v2/resources/documentation-guide/snippets-inventory,resources,concept,frontmatter,everyone,frontmatter,80,,80,pass,0,64,good,
v2/resources/documentation-guide/style-guide.mdx,/v2/resources/documentation-guide/style-guide,resources,concept,frontmatter,everyone,frontmatter,85,,85,fail,1,84,good,broken_import
v2/resources/livepeer-glossary.mdx,/v2/resources/livepeer-glossary,resources,glossary,frontmatter,everyone,frontmatter,60,,60,pass,0,42,usable_needs_work,
v2/resources/resources-portal.mdx,/v2/resources/resources-portal,resources,landing,frontmatter,everyone,frontmatter,40,,40,pass,0,47,incomplete_risky,thin_content
v2/solutions/daydream/overview.mdx,/v2/solutions/daydream/overview,solutions,overview,frontmatter,platform-builder,frontmatter,75,,75,pass,0,41,good,
v2/solutions/embody/overview.mdx,/v2/solutions/embody/overview,solutions,overview,frontmatter,platform-builder,frontmatter,30,,30,pass,0,27,incomplete_risky,thin_content
v2/solutions/frameworks/overview.mdx,/v2/solutions/frameworks/overview,solutions,overview,frontmatter,platform-builder,frontmatter,55,,55,pass,0,41,usable_needs_work,
v2/solutions/livepeer-studio/access-control/jwt.mdx,/v2/solutions/livepeer-studio/access-control/jwt,solutions,,none,platform-builder,frontmatter,80,,80,pass,0,50,good,purpose_unresolved
v2/solutions/livepeer-studio/access-control/overview.mdx,/v2/solutions/livepeer-studio/access-control/overview,solutions,overview,frontmatter,platform-builder,frontmatter,55,,55,pass,0,37,usable_needs_work,thin_content
v2/solutions/livepeer-studio/access-control/webhooks.mdx,/v2/solutions/livepeer-studio/access-control/webhooks,solutions,,none,platform-builder,frontmatter,80,,80,pass,0,51,good,purpose_unresolved
v2/solutions/livepeer-studio/analytics/listen-to-events.mdx,/v2/solutions/livepeer-studio/analytics/listen-to-events,solutions,,none,platform-builder,frontmatter,100,,100,pass,0,54,good,purpose_unresolved
v2/solutions/livepeer-studio/analytics/overview.mdx,/v2/solutions/livepeer-studio/analytics/overview,solutions,overview,frontmatter,platform-builder,frontmatter,75,,75,pass,0,49,good,
v2/solutions/livepeer-studio/analytics/webhooks.mdx,/v2/solutions/livepeer-studio/analytics/webhooks,solutions,,none,platform-builder,frontmatter,100,,100,pass,0,53,good,purpose_unresolved
v2/solutions/livepeer-studio/api-reference/assets/delete.mdx,/v2/solutions/livepeer-studio/api-reference/assets/delete,solutions,,none,platform-builder,frontmatter,20,,20,pass,0,43,placeholder_or_broken,thin_content|purpose_unresolved
v2/solutions/livepeer-studio/api-reference/assets/get.mdx,/v2/solutions/livepeer-studio/api-reference/assets/get,solutions,,none,platform-builder,frontmatter,20,,20,pass,0,43,placeholder_or_broken,thin_content|purpose_unresolved
v2/solutions/livepeer-studio/api-reference/assets/get-all.mdx,/v2/solutions/livepeer-studio/api-reference/assets/get-all,solutions,,none,platform-builder,frontmatter,20,,20,pass,0,43,placeholder_or_broken,thin_content|purpose_unresolved
v2/solutions/livepeer-studio/api-reference/assets/overview.mdx,/v2/solutions/livepeer-studio/api-reference/assets/overview,solutions,overview,frontmatter,platform-builder,frontmatter,75,,75,pass,0,55,good,
v2/solutions/livepeer-studio/api-reference/assets/update.mdx,/v2/solutions/livepeer-studio/api-reference/assets/update,solutions,,none,platform-builder,frontmatter,20,,20,pass,0,43,placeholder_or_broken,thin_content|purpose_unresolved
v2/solutions/livepeer-studio/api-reference/assets/upload.mdx,/v2/solutions/livepeer-studio/api-reference/assets/upload,solutions,,none,platform-builder,frontmatter,20,,20,pass,0,43,placeholder_or_broken,thin_content|purpose_unresolved
v2/solutions/livepeer-studio/api-reference/assets/upload-via-url.mdx,/v2/solutions/livepeer-studio/api-reference/assets/upload-via-url,solutions,,none,platform-builder,frontmatter,20,,20,pass,0,43,placeholder_or_broken,thin_content|purpose_unresolved
v2/solutions/livepeer-studio/api-reference/multistream/create.mdx,/v2/solutions/livepeer-studio/api-reference/multistream/create,solutions,,none,platform-builder,frontmatter,20,,20,pass,0,43,placeholder_or_broken,thin_content|purpose_unresolved
v2/solutions/livepeer-studio/api-reference/multistream/delete.mdx,/v2/solutions/livepeer-studio/api-reference/multistream/delete,solutions,,none,platform-builder,frontmatter,20,,20,pass,0,43,placeholder_or_broken,thin_content|purpose_unresolved
v2/solutions/livepeer-studio/api-reference/multistream/get.mdx,/v2/solutions/livepeer-studio/api-reference/multistream/get,solutions,,none,platform-builder,frontmatter,20,,20,pass,0,43,placeholder_or_broken,thin_content|purpose_unresolved
v2/solutions/livepeer-studio/api-reference/multistream/get-all.mdx,/v2/solutions/livepeer-studio/api-reference/multistream/get-all,solutions,,none,platform-builder,frontmatter,20,,20,pass,0,43,placeholder_or_broken,thin_content|purpose_unresolved
v2/solutions/livepeer-studio/api-reference/multistream/overview.mdx,/v2/solutions/livepeer-studio/api-reference/multistream/overview,solutions,overview,frontmatter,platform-builder,frontmatter,30,,30,pass,0,47,incomplete_risky,thin_content
v2/solutions/livepeer-studio/api-reference/multistream/update.mdx,/v2/solutions/livepeer-studio/api-reference/multistream/update,solutions,,none,platform-builder,frontmatter,20,,20,pass,0,43,placeholder_or_broken,thin_content|purpose_unresolved
v2/solutions/livepeer-studio/api-reference/playback/get.mdx,/v2/solutions/livepeer-studio/api-reference/playback/get,solutions,,none,platform-builder,frontmatter,20,,20,pass,0,43,placeholder_or_broken,thin_content|purpose_unresolved
v2/solutions/livepeer-studio/api-reference/playback/overview.mdx,/v2/solutions/livepeer-studio/api-reference/playback/overview,solutions,overview,frontmatter,platform-builder,frontmatter,55,,55,pass,0,39,usable_needs_work,thin_content
v2/solutions/livepeer-studio/api-reference/rooms/create.mdx,/v2/solutions/livepeer-studio/api-reference/rooms/create,solutions,,none,platform-builder,frontmatter,20,,20,pass,0,43,placeholder_or_broken,thin_content|purpose_unresolved
v2/solutions/livepeer-studio/api-reference/rooms/create-user.mdx,/v2/solutions/livepeer-studio/api-reference/rooms/create-user,solutions,,none,platform-builder,frontmatter,20,,20,pass,0,43,placeholder_or_broken,thin_content|purpose_unresolved
v2/solutions/livepeer-studio/api-reference/rooms/delete.mdx,/v2/solutions/livepeer-studio/api-reference/rooms/delete,solutions,,none,platform-builder,frontmatter,20,,20,pass,0,43,placeholder_or_broken,thin_content|purpose_unresolved
v2/solutions/livepeer-studio/api-reference/rooms/get.mdx,/v2/solutions/livepeer-studio/api-reference/rooms/get,solutions,,none,platform-builder,frontmatter,20,,20,pass,0,43,placeholder_or_broken,thin_content|purpose_unresolved
v2/solutions/livepeer-studio/api-reference/rooms/get-user.mdx,/v2/solutions/livepeer-studio/api-reference/rooms/get-user,solutions,,none,platform-builder,frontmatter,20,,20,pass,0,43,placeholder_or_broken,thin_content|purpose_unresolved
v2/solutions/livepeer-studio/api-reference/rooms/overview.mdx,/v2/solutions/livepeer-studio/api-reference/rooms/overview,solutions,overview,frontmatter,platform-builder,frontmatter,30,,30,pass,0,47,incomplete_risky,thin_content
v2/solutions/livepeer-studio/api-reference/rooms/remove-user.mdx,/v2/solutions/livepeer-studio/api-reference/rooms/remove-user,solutions,,none,platform-builder,frontmatter,20,,20,pass,0,43,placeholder_or_broken,thin_content|purpose_unresolved
v2/solutions/livepeer-studio/api-reference/rooms/start-egress.mdx,/v2/solutions/livepeer-studio/api-reference/rooms/start-egress,solutions,,none,platform-builder,frontmatter,20,,20,pass,0,43,placeholder_or_broken,thin_content|purpose_unresolved
v2/solutions/livepeer-studio/api-reference/rooms/stop-egress.mdx,/v2/solutions/livepeer-studio/api-reference/rooms/stop-egress,solutions,,none,platform-builder,frontmatter,20,,20,pass,0,43,placeholder_or_broken,thin_content|purpose_unresolved
v2/solutions/livepeer-studio/api-reference/rooms/update-user.mdx,/v2/solutions/livepeer-studio/api-reference/rooms/update-user,solutions,,none,platform-builder,frontmatter,20,,20,pass,0,43,placeholder_or_broken,thin_content|purpose_unresolved
v2/solutions/livepeer-studio/api-reference/sessions/get.mdx,/v2/solutions/livepeer-studio/api-reference/sessions/get,solutions,,none,platform-builder,frontmatter,20,,20,pass,0,43,placeholder_or_broken,thin_content|purpose_unresolved
v2/solutions/livepeer-studio/api-reference/sessions/get-all.mdx,/v2/solutions/livepeer-studio/api-reference/sessions/get-all,solutions,,none,platform-builder,frontmatter,20,,20,pass,0,43,placeholder_or_broken,thin_content|purpose_unresolved
v2/solutions/livepeer-studio/api-reference/sessions/get-clip.mdx,/v2/solutions/livepeer-studio/api-reference/sessions/get-clip,solutions,,none,platform-builder,frontmatter,20,,20,pass,0,43,placeholder_or_broken,thin_content|purpose_unresolved
v2/solutions/livepeer-studio/api-reference/sessions/overview.mdx,/v2/solutions/livepeer-studio/api-reference/sessions/overview,solutions,overview,frontmatter,platform-builder,frontmatter,30,,30,pass,0,47,incomplete_risky,thin_content
v2/solutions/livepeer-studio/api-reference/signing-keys/create.mdx,/v2/solutions/livepeer-studio/api-reference/signing-keys/create,solutions,,none,platform-builder,frontmatter,20,,20,pass,0,43,placeholder_or_broken,thin_content|purpose_unresolved
v2/solutions/livepeer-studio/api-reference/signing-keys/delete.mdx,/v2/solutions/livepeer-studio/api-reference/signing-keys/delete,solutions,,none,platform-builder,frontmatter,20,,20,pass,0,43,placeholder_or_broken,thin_content|purpose_unresolved
v2/solutions/livepeer-studio/api-reference/signing-keys/get.mdx,/v2/solutions/livepeer-studio/api-reference/signing-keys/get,solutions,,none,platform-builder,frontmatter,20,,20,pass,0,43,placeholder_or_broken,thin_content|purpose_unresolved
v2/solutions/livepeer-studio/api-reference/signing-keys/get-all.mdx,/v2/solutions/livepeer-studio/api-reference/signing-keys/get-all,solutions,,none,platform-builder,frontmatter,20,,20,pass,0,43,placeholder_or_broken,thin_content|purpose_unresolved
v2/solutions/livepeer-studio/api-reference/signing-keys/overview.mdx,/v2/solutions/livepeer-studio/api-reference/signing-keys/overview,solutions,overview,frontmatter,platform-builder,frontmatter,30,,30,pass,0,47,incomplete_risky,thin_content
v2/solutions/livepeer-studio/api-reference/signing-keys/update.mdx,/v2/solutions/livepeer-studio/api-reference/signing-keys/update,solutions,,none,platform-builder,frontmatter,20,,20,pass,0,43,placeholder_or_broken,thin_content|purpose_unresolved
v2/solutions/livepeer-studio/api-reference/streams/add-multistream-target.mdx,/v2/solutions/livepeer-studio/api-reference/streams/add-multistream-target,solutions,,none,platform-builder,frontmatter,20,,20,pass,0,43,placeholder_or_broken,thin_content|purpose_unresolved
v2/solutions/livepeer-studio/api-reference/streams/create.mdx,/v2/solutions/livepeer-studio/api-reference/streams/create,solutions,,none,platform-builder,frontmatter,20,,20,pass,0,43,placeholder_or_broken,thin_content|purpose_unresolved
v2/solutions/livepeer-studio/api-reference/streams/create-clip.mdx,/v2/solutions/livepeer-studio/api-reference/streams/create-clip,solutions,,none,platform-builder,frontmatter,20,,20,pass,0,43,placeholder_or_broken,thin_content|purpose_unresolved
v2/solutions/livepeer-studio/api-reference/streams/delete.mdx,/v2/solutions/livepeer-studio/api-reference/streams/delete,solutions,,none,platform-builder,frontmatter,20,,20,pass,0,43,placeholder_or_broken,thin_content|purpose_unresolved
v2/solutions/livepeer-studio/api-reference/streams/delete-multistream-target.mdx,/v2/solutions/livepeer-studio/api-reference/streams/delete-multistream-target,solutions,,none,platform-builder,frontmatter,20,,20,pass,0,43,placeholder_or_broken,thin_content|purpose_unresolved
v2/solutions/livepeer-studio/api-reference/streams/get.mdx,/v2/solutions/livepeer-studio/api-reference/streams/get,solutions,,none,platform-builder,frontmatter,20,,20,pass,0,43,placeholder_or_broken,thin_content|purpose_unresolved
v2/solutions/livepeer-studio/api-reference/streams/get-all.mdx,/v2/solutions/livepeer-studio/api-reference/streams/get-all,solutions,,none,platform-builder,frontmatter,20,,20,pass,0,43,placeholder_or_broken,thin_content|purpose_unresolved
v2/solutions/livepeer-studio/api-reference/streams/get-clip.mdx,/v2/solutions/livepeer-studio/api-reference/streams/get-clip,solutions,,none,platform-builder,frontmatter,20,,20,pass,0,43,placeholder_or_broken,thin_content|purpose_unresolved
v2/solutions/livepeer-studio/api-reference/streams/overview.mdx,/v2/solutions/livepeer-studio/api-reference/streams/overview,solutions,overview,frontmatter,platform-builder,frontmatter,50,,50,pass,0,52,usable_needs_work,
v2/solutions/livepeer-studio/api-reference/streams/terminate.mdx,/v2/solutions/livepeer-studio/api-reference/streams/terminate,solutions,,none,platform-builder,frontmatter,20,,20,pass,0,43,placeholder_or_broken,thin_content|purpose_unresolved
v2/solutions/livepeer-studio/api-reference/streams/update.mdx,/v2/solutions/livepeer-studio/api-reference/streams/update,solutions,,none,platform-builder,frontmatter,20,,20,pass,0,43,placeholder_or_broken,thin_content|purpose_unresolved
v2/solutions/livepeer-studio/api-reference/tasks/get.mdx,/v2/solutions/livepeer-studio/api-reference/tasks/get,solutions,,none,platform-builder,frontmatter,20,,20,pass,0,43,placeholder_or_broken,thin_content|purpose_unresolved
v2/solutions/livepeer-studio/api-reference/tasks/get-all.mdx,/v2/solutions/livepeer-studio/api-reference/tasks/get-all,solutions,,none,platform-builder,frontmatter,20,,20,pass,0,43,placeholder_or_broken,thin_content|purpose_unresolved
v2/solutions/livepeer-studio/api-reference/tasks/overview.mdx,/v2/solutions/livepeer-studio/api-reference/tasks/overview,solutions,overview,frontmatter,platform-builder,frontmatter,30,,30,pass,0,47,incomplete_risky,thin_content
v2/solutions/livepeer-studio/api-reference/transcode/create.mdx,/v2/solutions/livepeer-studio/api-reference/transcode/create,solutions,,none,platform-builder,frontmatter,20,,20,pass,0,43,placeholder_or_broken,thin_content|purpose_unresolved
v2/solutions/livepeer-studio/api-reference/transcode/overview.mdx,/v2/solutions/livepeer-studio/api-reference/transcode/overview,solutions,overview,frontmatter,platform-builder,frontmatter,5,,5,pass,0,47,placeholder_or_broken,thin_content
v2/solutions/livepeer-studio/api-reference/viewership/get-creators-metrics.mdx,/v2/solutions/livepeer-studio/api-reference/viewership/get-creators-metrics,solutions,,none,platform-builder,frontmatter,20,,20,pass,0,43,placeholder_or_broken,thin_content|purpose_unresolved
v2/solutions/livepeer-studio/api-reference/viewership/get-public-total-views.mdx,/v2/solutions/livepeer-studio/api-reference/viewership/get-public-total-views,solutions,,none,platform-builder,frontmatter,20,,20,pass,0,43,placeholder_or_broken,thin_content|purpose_unresolved
v2/solutions/livepeer-studio/api-reference/viewership/get-realtime-viewership.mdx,/v2/solutions/livepeer-studio/api-reference/viewership/get-realtime-viewership,solutions,,none,platform-builder,frontmatter,20,,20,pass,0,43,placeholder_or_broken,thin_content|purpose_unresolved
v2/solutions/livepeer-studio/api-reference/viewership/get-usage-metrics.mdx,/v2/solutions/livepeer-studio/api-reference/viewership/get-usage-metrics,solutions,,none,platform-builder,frontmatter,20,,20,pass,0,43,placeholder_or_broken,thin_content|purpose_unresolved
v2/solutions/livepeer-studio/api-reference/viewership/get-viewership-metrics.mdx,/v2/solutions/livepeer-studio/api-reference/viewership/get-viewership-metrics,solutions,,none,platform-builder,frontmatter,20,,20,pass,0,43,placeholder_or_broken,thin_content|purpose_unresolved
v2/solutions/livepeer-studio/api-reference/viewership/overview.mdx,/v2/solutions/livepeer-studio/api-reference/viewership/overview,solutions,overview,frontmatter,platform-builder,frontmatter,30,,30,pass,0,47,incomplete_risky,thin_content
v2/solutions/livepeer-studio/api-reference/webhooks/create.mdx,/v2/solutions/livepeer-studio/api-reference/webhooks/create,solutions,,none,platform-builder,frontmatter,20,,20,pass,0,43,placeholder_or_broken,thin_content|purpose_unresolved
v2/solutions/livepeer-studio/api-reference/webhooks/delete.mdx,/v2/solutions/livepeer-studio/api-reference/webhooks/delete,solutions,,none,platform-builder,frontmatter,20,,20,pass,0,43,placeholder_or_broken,thin_content|purpose_unresolved
v2/solutions/livepeer-studio/api-reference/webhooks/get.mdx,/v2/solutions/livepeer-studio/api-reference/webhooks/get,solutions,,none,platform-builder,frontmatter,20,,20,pass,0,43,placeholder_or_broken,thin_content|purpose_unresolved
v2/solutions/livepeer-studio/api-reference/webhooks/get-all.mdx,/v2/solutions/livepeer-studio/api-reference/webhooks/get-all,solutions,,none,platform-builder,frontmatter,20,,20,pass,0,43,placeholder_or_broken,thin_content|purpose_unresolved
v2/solutions/livepeer-studio/api-reference/webhooks/overview.mdx,/v2/solutions/livepeer-studio/api-reference/webhooks/overview,solutions,overview,frontmatter,platform-builder,frontmatter,30,,30,pass,0,47,incomplete_risky,thin_content
v2/solutions/livepeer-studio/api-reference/webhooks/update.mdx,/v2/solutions/livepeer-studio/api-reference/webhooks/update,solutions,,none,platform-builder,frontmatter,20,,20,pass,0,43,placeholder_or_broken,thin_content|purpose_unresolved
v2/solutions/livepeer-studio/get-started/authentication.mdx,/v2/solutions/livepeer-studio/get-started/authentication,solutions,concept,frontmatter,platform-builder,frontmatter,50,,50,pass,0,58,usable_needs_work,
v2/solutions/livepeer-studio/get-started/overview.mdx,/v2/solutions/livepeer-studio/get-started/overview,solutions,overview,frontmatter,platform-builder,frontmatter,80,,80,pass,0,61,good,thin_content
v2/solutions/livepeer-studio/get-started/studio-cli.mdx,/v2/solutions/livepeer-studio/get-started/studio-cli,solutions,,none,platform-builder,frontmatter,60,,60,pass,0,65,usable_needs_work,thin_content|purpose_unresolved
v2/solutions/livepeer-studio/livestream/clip-livestream.mdx,/v2/solutions/livepeer-studio/livestream/clip-livestream,solutions,concept,frontmatter,platform-builder,frontmatter,50,,50,pass,0,61,usable_needs_work,
v2/solutions/livepeer-studio/livestream/create-livestream.mdx,/v2/solutions/livepeer-studio/livestream/create-livestream,solutions,,none,platform-builder,frontmatter,100,,100,pass,0,70,good,purpose_unresolved
v2/solutions/livepeer-studio/livestream/livestream-from-browser.mdx,/v2/solutions/livepeer-studio/livestream/livestream-from-browser,solutions,,none,platform-builder,frontmatter,100,,100,fail,1,61,good,broken_import|purpose_unresolved
v2/solutions/livepeer-studio/livestream/multistream.mdx,/v2/solutions/livepeer-studio/livestream/multistream,solutions,,none,platform-builder,frontmatter,100,,100,pass,0,35,good,purpose_unresolved
v2/solutions/livepeer-studio/livestream/optimize-latency.mdx,/v2/solutions/livepeer-studio/livestream/optimize-latency,solutions,concept,frontmatter,platform-builder,frontmatter,65,,65,pass,0,59,usable_needs_work,
v2/solutions/livepeer-studio/livestream/overview.mdx,/v2/solutions/livepeer-studio/livestream/overview,solutions,overview,frontmatter,platform-builder,frontmatter,75,,75,pass,0,57,good,
v2/solutions/livepeer-studio/livestream/playback-livestream.mdx,/v2/solutions/livepeer-studio/livestream/playback-livestream,solutions,,none,platform-builder,frontmatter,100,,100,fail,1,57,good,broken_import|purpose_unresolved
v2/solutions/livepeer-studio/livestream/stream-health.mdx,/v2/solutions/livepeer-studio/livestream/stream-health,solutions,concept,frontmatter,platform-builder,frontmatter,65,,65,pass,0,56,usable_needs_work,
v2/solutions/livepeer-studio/livestream/stream-via-obs.mdx,/v2/solutions/livepeer-studio/livestream/stream-via-obs,solutions,,none,platform-builder,frontmatter,100,,100,pass,0,55,good,purpose_unresolved
v2/solutions/livepeer-studio/overview.mdx,/v2/solutions/livepeer-studio/overview,solutions,overview,frontmatter,platform-builder,frontmatter,100,,100,pass,0,67,good,
v2/solutions/livepeer-studio/player.mdx,/v2/solutions/livepeer-studio/player,solutions,,none,platform-builder,frontmatter,100,,100,pass,0,57,good,purpose_unresolved
v2/solutions/livepeer-studio/quickstart.mdx,/v2/solutions/livepeer-studio/quickstart,solutions,tutorial,frontmatter,platform-builder,frontmatter,35,,35,fail,1,73,incomplete_risky,broken_import
v2/solutions/livepeer-studio/reference/api.mdx,/v2/solutions/livepeer-studio/reference/api,solutions,reference,frontmatter,platform-builder,frontmatter,60,,60,pass,0,60,usable_needs_work,
v2/solutions/livepeer-studio/reference/managing-projects.mdx,/v2/solutions/livepeer-studio/reference/managing-projects,solutions,reference,frontmatter,platform-builder,frontmatter,30,,30,pass,0,47,incomplete_risky,
v2/solutions/livepeer-studio/reference/overview.mdx,/v2/solutions/livepeer-studio/reference/overview,solutions,overview,frontmatter,platform-builder,frontmatter,50,,50,pass,0,60,usable_needs_work,
v2/solutions/livepeer-studio/reference/sdks.mdx,/v2/solutions/livepeer-studio/reference/sdks,solutions,reference,frontmatter,platform-builder,frontmatter,100,,100,pass,0,79,good,
v2/solutions/livepeer-studio/video-on-demand/encrypted-assets.mdx,/v2/solutions/livepeer-studio/video-on-demand/encrypted-assets,solutions,,none,platform-builder,frontmatter,80,,80,pass,0,35,good,purpose_unresolved
v2/solutions/livepeer-studio/video-on-demand/overview.mdx,/v2/solutions/livepeer-studio/video-on-demand/overview,solutions,overview,frontmatter,platform-builder,frontmatter,75,,75,pass,0,57,good,
v2/solutions/livepeer-studio/video-on-demand/playback-asset.mdx,/v2/solutions/livepeer-studio/video-on-demand/playback-asset,solutions,,none,platform-builder,frontmatter,60,,60,fail,1,59,usable_needs_work,broken_import|thin_content|purpose_unresolved
v2/solutions/livepeer-studio/video-on-demand/thumbnails-vod.mdx,/v2/solutions/livepeer-studio/video-on-demand/thumbnails-vod,solutions,,none,platform-builder,frontmatter,100,,100,pass,0,55,good,purpose_unresolved
v2/solutions/livepeer-studio/video-on-demand/transcode-video.mdx,/v2/solutions/livepeer-studio/video-on-demand/transcode-video,solutions,,none,platform-builder,frontmatter,100,,100,pass,0,40,good,purpose_unresolved
v2/solutions/livepeer-studio/video-on-demand/upload-asset.mdx,/v2/solutions/livepeer-studio/video-on-demand/upload-asset,solutions,,none,platform-builder,frontmatter,60,,60,pass,0,62,usable_needs_work,thin_content|purpose_unresolved
v2/solutions/portal.mdx,/v2/solutions/portal,solutions,landing,frontmatter,platform-builder,frontmatter,80,,80,warn,1,45,placeholder_or_broken,todo_marker
v2/solutions/product-hub.mdx,/v2/solutions/product-hub,solutions,concept,frontmatter,platform-builder,frontmatter,85,,85,pass,0,53,good,
v2/solutions/solution-providers.mdx,/v2/solutions/solution-providers,solutions,,none,platform-builder,frontmatter,20,,20,pass,0,23,placeholder_or_broken,purpose_unresolved
v2/solutions/streamplace/introduction/streamplace-architecture.mdx,/v2/solutions/streamplace/introduction/streamplace-architecture,solutions,concept,frontmatter,platform-builder,frontmatter,85,,85,pass,0,64,good,
v2/solutions/streamplace/introduction/streamplace-funding-model.mdx,/v2/solutions/streamplace/introduction/streamplace-funding-model,solutions,,none,platform-builder,frontmatter,100,,100,pass,0,64,good,purpose_unresolved
v2/solutions/streamplace/introduction/streamplace-guide.mdx,/v2/solutions/streamplace/introduction/streamplace-guide,solutions,,none,platform-builder,frontmatter,100,,100,pass,0,59,good,purpose_unresolved
v2/solutions/streamplace/introduction/streamplace-integration.mdx,/v2/solutions/streamplace/introduction/streamplace-integration,solutions,,none,platform-builder,frontmatter,100,,100,fail,1,72,good,broken_import|purpose_unresolved
v2/solutions/streamplace/introduction/streamplace-provenance.mdx,/v2/solutions/streamplace/introduction/streamplace-provenance,solutions,concept,frontmatter,platform-builder,frontmatter,85,,85,pass,0,64,good,
v2/solutions/streamplace/overview.mdx,/v2/solutions/streamplace/overview,solutions,overview,frontmatter,platform-builder,frontmatter,75,,75,pass,0,63,good,
